{"thickness": [3.0475, 2.135, 3.2345, 2.203, 5.495, 3.163, 15.815, 11.86, 2.364, 1.598, 4.011, 4.776, 3.278], "intensities": [208.33397908457667, 145.8161998041293, 191.46171583929387, 206.15605379310352, 143.3306200059233, 166.11409916152604, 10.057664905660378, 17.393789297637095, 223.72994926334007, 212.721519456976, 181.39844332731536, 92.6443525836185, 132.83777957924053]}